{
  "ie": {
    "6": 0.06475984889368593,
    "7": 0.005396654074473826,
    "8": 0.20507285483000542,
    "9": 0.01618996222342148,
    "10": 0,
    "11": 0.05936319481921209,
    "5.5": 0
  },
  "edge": {
    "12": 0,
    "13": 0.01618996222342148,
    "14": 0,
    "15": 0.01618996222342148,
    "16": 0.021586616297895305,
    "17": 0.23745277927684835,
    "18": 0.17269293038316244
  },
  "firefox": {
    "2": 0,
    "3": 0,
    "4": 0,
    "5": 0,
    "6": 0,
    "7": 0,
    "8": 0,
    "9": 0,
    "10": 0,
    "11": 0,
    "12": 0,
    "13": 0,
    "14": 0,
    "15": 0,
    "16": 0,
    "17": 0,
    "18": 0,
    "19": 0,
    "20": 0,
    "21": 0,
    "22": 0.026983270372369132,
    "23": 0.010793308148947653,
    "24": 0,
    "25": 0,
    "26": 0,
    "27": 0,
    "28": 0,
    "29": 0,
    "30": 0,
    "31": 0.005396654074473826,
    "32": 0,
    "33": 0,
    "34": 0,
    "35": 0,
    "36": 0,
    "37": 0,
    "38": 0,
    "39": 0,
    "40": 0,
    "41": 0,
    "42": 0,
    "43": 0,
    "44": 0,
    "45": 0,
    "46": 0.005396654074473826,
    "47": 0,
    "48": 0,
    "49": 0,
    "50": 0,
    "51": 0,
    "52": 0.01618996222342148,
    "53": 0,
    "54": 0,
    "55": 0,
    "56": 0,
    "57": 0,
    "58": 0.005396654074473826,
    "59": 0.08634646519158122,
    "60": 0.14031300593631948,
    "61": 0.026983270372369132,
    "62": 0.9767943874797627,
    "3.5": 0,
    "3.6": 0
  },
  "chrome": {
    "4": 0,
    "5": 0,
    "6": 0,
    "7": 0,
    "8": 0,
    "9": 0,
    "10": 0,
    "11": 0,
    "12": 0,
    "13": 0,
    "14": 0,
    "15": 0,
    "16": 0,
    "17": 0,
    "18": 0,
    "19": 0,
    "20": 0.010793308148947653,
    "21": 0,
    "22": 0,
    "23": 0.005396654074473826,
    "24": 0,
    "25": 0,
    "26": 0,
    "27": 0,
    "28": 0,
    "29": 0,
    "30": 0,
    "31": 0,
    "32": 0.010793308148947653,
    "33": 0,
    "34": 0,
    "35": 0,
    "36": 0,
    "37": 0.01618996222342148,
    "38": 0.01618996222342148,
    "39": 0.021586616297895305,
    "40": 0,
    "41": 0,
    "42": 0,
    "43": 0,
    "44": 0,
    "45": 0,
    "46": 0,
    "47": 0.01618996222342148,
    "48": 0.01618996222342148,
    "49": 0,
    "50": 0.048569886670264434,
    "51": 0.01618996222342148,
    "52": 0.010793308148947653,
    "53": 0.026983270372369132,
    "54": 0,
    "55": 0.11872638963842418,
    "56": 0,
    "57": 0.053966540744738264,
    "58": 0.10793308148947653,
    "59": 0,
    "60": 0.048569886670264434,
    "61": 0.17269293038316244,
    "62": 0.010793308148947653,
    "63": 0.44792228818132757,
    "64": 0.10793308148947653,
    "65": 1.4031300593631948,
    "66": 0.10793308148947653,
    "67": 1.1548839719373987,
    "68": 0.2590393955747437,
    "69": 7.6308688613059905
  },
  "safari": {
    "4": 0,
    "5": 0,
    "6": 0,
    "7": 0,
    "8": 0,
    "9": 0,
    "10": 0,
    "11": 0.053966540744738264,
    "12": 1.8618456556934702,
    "3.1": 0,
    "3.2": 0,
    "5.1": 0.010793308148947653,
    "6.1": 0,
    "7.1": 0,
    "9.1": 0,
    "10.1": 0.048569886670264434,
    "11.1": 0.124123043712898,
    "TP": 0
  },
  "opera": {
    "9": 0,
    "11": 0,
    "12": 0,
    "15": 0,
    "16": 0,
    "17": 0,
    "18": 0,
    "19": 0,
    "20": 0,
    "21": 0,
    "22": 0,
    "23": 0,
    "24": 0,
    "25": 0,
    "26": 0.005396654074473826,
    "27": 0,
    "28": 0,
    "29": 0,
    "30": 0,
    "31": 0,
    "32": 0,
    "33": 0,
    "34": 0,
    "35": 0,
    "36": 0,
    "37": 0,
    "38": 0,
    "39": 0,
    "40": 0,
    "41": 0,
    "42": 0,
    "43": 0,
    "44": 0,
    "45": 0,
    "46": 0,
    "47": 0,
    "48": 0,
    "49": 0,
    "50": 0,
    "51": 0,
    "52": 0,
    "53": 0,
    "9.5-9.6": 0,
    "10.0-10.1": 0,
    "10.5": 0,
    "10.6": 0,
    "11.1": 0,
    "11.5": 0,
    "11.6": 0,
    "12.1": 0
  },
  "ios_saf": {
    "8": 0,
    "3.2": 0,
    "4.0-4.1": 0.010793308148947653,
    "4.2-4.3": 0,
    "5.0-5.1": 0,
    "6.0-6.1": 0,
    "7.0-7.1": 0,
    "8.1-8.4": 0,
    "9.0-9.2": 0,
    "9.3": 0.05936319481921209,
    "10.0-10.2": 0.010793308148947653,
    "10.3": 0.07555315704263356,
    "11.0-11.2": 0.21586616297895306,
    "11.3": 0.124123043712898
  },
  "op_mini": {
    "all": 0
  },
  "android": {
    "3": 0.005396654074473826,
    "4": 0,
    "66": 0.3453858607663249,
    "2.1": 0.010793308148947653,
    "2.2": 0.005396654074473826,
    "2.3": 0,
    "4.1": 0,
    "4.2-4.3": 0,
    "4.4": 0,
    "4.4.3-4.4.4": 0
  },
  "bb": {
    "7": 0,
    "10": 0
  },
  "op_mob": {
    "10": 0.005396654074473826,
    "11": 0.005396654074473826,
    "12": 0.005396654074473826,
    "46": 0.005396654074473826,
    "11.1": 0.005396654074473826,
    "11.5": 0.005396654074473826,
    "12.1": 0.005396654074473826
  },
  "and_chr": {
    "66": 15.990286022665948
  },
  "and_ff": {
    "60": 0.08634646519158122
  },
  "ie_mob": {
    "10": 0,
    "11": 0
  },
  "and_uc": {
    "11.8": 0.08094981111710739
  },
  "samsung": {
    "4": 0,
    "5": 0,
    "6.2": 0
  },
  "and_qq": {
    "1.2": 0
  },
  "baidu": {
    "7.12": 0
  }
}