{
  "ie": {
    "6": 0,
    "7": 0,
    "8": 0.2334917253809602,
    "9": 0.004096346059315091,
    "10": 0,
    "11": 0.15156480419465837,
    "5.5": 0
  },
  "edge": {
    "12": 0,
    "13": 0,
    "14": 0,
    "15": 0.012289038177945273,
    "16": 0.09831230542356219,
    "17": 0.07783057512698673,
    "18": 0
  },
  "firefox": {
    "2": 0,
    "3": 0,
    "4": 0,
    "5": 0,
    "6": 0,
    "7": 0,
    "8": 0,
    "9": 0,
    "10": 0,
    "11": 0,
    "12": 0,
    "13": 0,
    "14": 0,
    "15": 0,
    "16": 0,
    "17": 0,
    "18": 0,
    "19": 0,
    "20": 0,
    "21": 0,
    "22": 0,
    "23": 0,
    "24": 0,
    "25": 0,
    "26": 0,
    "27": 0,
    "28": 0,
    "29": 0,
    "30": 0,
    "31": 0,
    "32": 0,
    "33": 0,
    "34": 0,
    "35": 0,
    "36": 0,
    "37": 0,
    "38": 0,
    "39": 0,
    "40": 0,
    "41": 0,
    "42": 0,
    "43": 0,
    "44": 0,
    "45": 0,
    "46": 0,
    "47": 0.004096346059315091,
    "48": 0.008192692118630182,
    "49": 0,
    "50": 0,
    "51": 0.024578076355890547,
    "52": 0.16795018843191872,
    "53": 0.008192692118630182,
    "54": 0,
    "55": 0,
    "56": 0.090119613304932,
    "57": 0,
    "58": 0.090119613304932,
    "59": 1.0117974766508275,
    "60": 1.1510732426675405,
    "61": 0.11469768966082254,
    "62": 0,
    "3.5": 0,
    "3.6": 0
  },
  "chrome": {
    "4": 0,
    "5": 0,
    "6": 0,
    "7": 0,
    "8": 0,
    "9": 0,
    "10": 0,
    "11": 0,
    "12": 0,
    "13": 0,
    "14": 0,
    "15": 0,
    "16": 0,
    "17": 0,
    "18": 0,
    "19": 0,
    "20": 0,
    "21": 0,
    "22": 0,
    "23": 0,
    "24": 0,
    "25": 0,
    "26": 0,
    "27": 0,
    "28": 0,
    "29": 0,
    "30": 0,
    "31": 0,
    "32": 0.004096346059315091,
    "33": 0,
    "34": 0,
    "35": 0.008192692118630182,
    "36": 0,
    "37": 0,
    "38": 0,
    "39": 0.03686711453383582,
    "40": 0,
    "41": 0,
    "42": 0,
    "43": 0,
    "44": 0,
    "45": 0,
    "46": 0.004096346059315091,
    "47": 0,
    "48": 0,
    "49": 0.15566115025397345,
    "50": 0.05734884483041127,
    "51": 0.008192692118630182,
    "52": 0.028674422415205635,
    "53": 0.008192692118630182,
    "54": 0.012289038177945273,
    "55": 0.024578076355890547,
    "56": 0.13517941995739802,
    "57": 0.016385384237260363,
    "58": 0.03686711453383582,
    "59": 0.024578076355890547,
    "60": 0.24578076355890546,
    "61": 0.5202359495330166,
    "62": 0.15566115025397345,
    "63": 0.9093888251679502,
    "64": 2.4619039816483697,
    "65": 26.06095362936261,
    "66": 31.05030312960839,
    "67": 5.013927576601671,
    "68": 0.33999672292315253,
    "69": 0.10240865148287727
  },
  "safari": {
    "4": 0,
    "5": 0,
    "6": 0,
    "7": 0,
    "8": 0,
    "9": 0,
    "10": 0.03277076847452073,
    "11": 0.7946911355071277,
    "12": 0.004096346059315091,
    "3.1": 0,
    "3.2": 0,
    "5.1": 0,
    "6.1": 0,
    "7.1": 0,
    "9.1": 0.03686711453383582,
    "10.1": 0.03277076847452073,
    "11.1": 1.4378174668195969,
    "TP": 0
  },
  "opera": {
    "9": 0,
    "11": 0,
    "12": 0,
    "15": 0,
    "16": 0,
    "17": 0,
    "18": 0,
    "19": 0,
    "20": 0,
    "21": 0,
    "22": 0,
    "23": 0,
    "24": 0,
    "25": 0,
    "26": 0,
    "27": 0,
    "28": 0,
    "29": 0,
    "30": 0,
    "31": 0,
    "32": 0,
    "33": 0,
    "34": 0,
    "35": 0,
    "36": 0,
    "37": 0,
    "38": 0,
    "39": 0,
    "40": 0,
    "41": 0,
    "42": 0,
    "43": 0,
    "44": 0,
    "45": 0,
    "46": 0,
    "47": 0,
    "48": 0,
    "49": 0,
    "50": 0,
    "51": 0.06963788300835655,
    "52": 0.37686383745698837,
    "53": 0.17204653449123383,
    "9.5-9.6": 0,
    "10.0-10.1": 0,
    "10.5": 0,
    "10.6": 0,
    "11.1": 0,
    "11.5": 0,
    "11.6": 0,
    "12.1": 0
  },
  "ios_saf": {
    "8": 0,
    "3.2": 0,
    "4.0-4.1": 0,
    "4.2-4.3": 0,
    "5.0-5.1": 0.012289038177945273,
    "6.0-6.1": 0,
    "7.0-7.1": 0,
    "8.1-8.4": 0.012289038177945273,
    "9.0-9.2": 0,
    "9.3": 0.11879403572013764,
    "10.0-10.2": 0.24578076355890546,
    "10.3": 0.405538259872194,
    "11.0-11.2": 3.957070293298378,
    "11.3": 4.73127969850893
  },
  "op_mini": {
    "all": 0
  },
  "android": {
    "3": 0,
    "4": 0.008192692118630182,
    "66": 0.40144191381287886,
    "2.1": 0,
    "2.2": 0,
    "2.3": 0,
    "4.1": 0,
    "4.2-4.3": 0.004096346059315091,
    "4.4": 0,
    "4.4.3-4.4.4": 0
  },
  "bb": {
    "7": 0,
    "10": 0
  },
  "op_mob": {
    "10": 0,
    "11": 0,
    "12": 0,
    "46": 0,
    "11.1": 0,
    "11.5": 0,
    "12.1": 0
  },
  "and_chr": {
    "66": 15.049975421923644
  },
  "and_ff": {
    "60": 0.045059806652466
  },
  "ie_mob": {
    "10": 0,
    "11": 0
  },
  "and_uc": {
    "11.8": 0
  },
  "samsung": {
    "4": 0,
    "5": 0,
    "6.2": 0
  },
  "and_qq": {
    "1.2": 0
  },
  "baidu": {
    "7.12": 0
  }
}
